{
  "swagger":"2.0",
  "info":{
     "description":"Bank Leumi Api Documentation",
     "version":"1.0",
     "title":"Bank Leumi Api Documentation",
     "termsOfService":"urn:tos",
     "contact":{

     },
     "license":{
        "name":"Apache 2.0",
        "url":"http://www.apache.org/licenses/LICENSE-2.0"
     }
  },
  "host":"52.15.122.80:8080",
  "basePath":"/",
  "tags":[
     {
        "name":"payment",
        "description":"the payment API"
     },
     {
        "name":"config",
        "description":"the config API"
     },
     {
        "name":"token",
        "description":"token API"
     },
     {
        "name":"security",
        "description":"the security API"
     },
     {
        "name":"account",
        "description":"the account API"
     }
  ],
  "paths":{
     "/account/list/{authId}":{
        "get":{
           "tags":[
              "account"
           ],
           "summary":"Get account list for a coporate",
           "operationId":"listAccountUsingGET",
           "consumes":[
              "application/json"
           ],
           "produces":[
              "application/json"
           ],
           "parameters":[
              {
                 "name":"authId",
                 "in":"path",
                 "description":"authId - from authentication call",
                 "required":true,
                 "type":"string"
              },
              {
                 "name":"accountType",
                 "in":"query",
                 "description":"filter of account types to list",
                 "required":false,
                 "type":"string"
              },
              {
                 "name":"currencyCode",
                 "in":"query",
                 "description":"filter on currency of accounts to be listed",
                 "required":false,
                 "type":"string"
              }
           ],
           "responses":{
              "200":{
                 "description":"operation complete",
                 "schema":{
                    "$ref":"#/definitions/AccountListType"
                 }
              },
              "400":{
                 "description":"Invalid request",
                 "schema":{
                    "$ref":"#/definitions/AccountListType"
                 }
              },
              "401":{
                 "description":"Unauthorized"
              },
              "403":{
                 "description":"Forbidden"
              },
              "404":{
                 "description":"Not Found"
              }
           }
        }
     },
     "/account/saveAccountList/{authId}":{
        "post":{
           "tags":[
              "account"
           ],
           "summary":"Save the account list approved for PSD2 AISP",
           "description":" - only accountId and permissions required in account struc",
           "operationId":"saveAccountListUsingPOST",
           "consumes":[
              "application/json"
           ],
           "produces":[
              "application/json"
           ],
           "parameters":[
            {
              "name":"authId",
              "in":"path",
              "description":"authId - from authentication call",
              "required":true,
              "type":"string"
           },  
            {
                 "in":"body",
                 "name":"body",
                 "description":"payment details",
                 "required":true,
                 "schema":{
                    "$ref":"#/definitions/SaveAccountListType"
                 }
              }
           ],
           "responses":{
              "200":{
                 "description":"operation complete",
                 "schema":{
                    "$ref":"#/definitions/StandardResponseType"
                 }
              },
              "201":{
                 "description":"Created"
              },
              "400":{
                 "description":"Invalid request",
                 "schema":{
                    "$ref":"#/definitions/StandardResponseType"
                 }
              },
              "401":{
                 "description":"Unauthorized"
              },
              "403":{
                 "description":"Forbidden"
              },
              "404":{
                 "description":"Not Found"
              }
           }
        }
     },
     "/config/fetchParams":{
        "get":{
           "tags":[
              "config"
           ],
           "summary":"Fetches all the Configuration Parameters for the application.",
           "operationId":"fetchConfigParamsUsingGET",
           "consumes":[
              "application/json"
           ],
           "produces":[
              "application/json"
           ],
           "responses":{
              "200":{
                 "description":"operation complete",
                 "schema":{
                    "$ref":"#/definitions/ConfigParams"
                 }
              },
              "400":{
                 "description":"Invalid request",
                 "schema":{
                    "$ref":"#/definitions/ConfigParams"
                 }
              },
              "401":{
                 "description":"Unauthorized"
              },
              "403":{
                 "description":"Forbidden"
              },
              "404":{
                 "description":"Not Found"
              }
           }
        }
     },
   "/token/banks/users":{
    "post":{
       "tags":[
          "token"
       ],
       "summary":"return tokenUserId if not exists",
       "operationId":"tokenUserId",
       "consumes":[
          "application/json"
       ],
       "produces":[
          "application/json"
       ],
       "parameters":[
        
       ],
       "responses":{
          "200":{
             "description":"operation complete",
             "schema":{
           "$ref":"#/definitions/TokenUserIdResponse"
        }
          },
          "400":{
             "description":"Invalid request"
          },
          "401":{
             "description":"Unauthorized"
          },
          "403":{
             "description":"Forbidden"
          },
          "404":{
             "description":"Not Found"
          }
       }
    }
 },
 "/token/banks/consent-requests/{requestId}":{
  "get":{
     "tags":[
        "token"
     ],
     "summary":"get user's consent for his bank account",
     "operationId":"userConsent",
     "consumes":[
      "application/json"
     ],
     "produces":[
        "application/json"
     ],
     "parameters":[
      {
         "name":"requestId",
         "in":"path",
         "description":"requestId - from third-party call",
         "required":true,
         "type":"string"
      }
     ],
     "responses":{
        "200":{
           "description":"operation complete"
        },
        "400":{
           "description":"Invalid request"
        },
        "401":{
           "description":"Unauthorized"
        },
        "403":{
           "description":"Forbidden"
        },
        "404":{
           "description":"Not Found"
        }
     }
  }
},
"/token/banks/consents":{
  "post":{
     "tags":[
        "token"
     ],
     "summary":"consents",
     "operationId":"consents",
     "consumes":[
        "application/json"
     ],
     "produces":[
        "application/json"
     ],
     "parameters":[
      {
        "in":"body",
        "name":"body",
        "description":"consent details",
        "required":true,
        "schema":{
           "$ref":"#/definitions/ConsentBodyrequest"
        }
      }
     ],
     "responses":{
      "200":{
        "description":"operation complete",
        "schema":{
           "$ref":"#/definitions/ConsentsResponseType"
        }
       },
        "400":{
           "description":"Invalid request"
        },
        "401":{
           "description":"Unauthorized"
        },
        "403":{
           "description":"Forbidden"
        },
        "404":{
           "description":"Not Found"
        }
     }
  }
},
"/payment/cbpii/cbpiiCheck/{authId}":{
  "post":{
     "tags":[
        "payment"
     ],
     "summary":"check an account and user are ok for confirmation of funds.",
     "operationId":"cbpiiCheckUsingPost",
     "consumes":[
        "application/json"
     ],
     "produces":[
        "application/json"
     ],
     "parameters":[
        {
           "name":"authId",
           "in":"path",
           "description":"authId - from authentication call",
           "required":true,
           "type":"string"
        },
        {
           "name":"bankAccountId", 
           "in":"query",
           "description":"the account to be checked",
           "required":false,
           "type":"string"
        },
        {
           "name":"tokenUserId", 
           "in":"query",
           "description":"the token userid",
           "required":false,
           "type":"string"
        },
        {
           "name":"tppName", 
           "in":"query",
           "description":"the token tpp",
           "required":false,
           "type":"string"
        }
     ],
     "responses":{
        "200":{
           "description":"operation complete",
           "schema":{
              "$ref":"#/definitions/StandardResponseType"
           }
        },
        "400":{
           "description":"Invalid request",
           "schema":{
              "$ref":"#/definitions/StandardResponseType"
           }
        },
        "401":{
           "description":"Unauthorized"
        },
        "403":{
           "description":"Forbidden"
        },
        "404":{
           "description":"Not Found"
        }
     }
  }
},
     "/payment/saveAuthorisedPayment/{authId}":{ 
        "post":{
           "tags":[
              "payment"
           ],
           "summary":"save details of a payment",
           "operationId":"saveAuthorisedPaymentUsingPOST",
           "consumes":[
              "application/json"
           ],
           "produces":[
              "application/json"
           ],
           "parameters":[
            {
               "name":"authId",
               "in":"path",
               "description":"from authentication call",
               "required":true,
               "type":"string"
            },
              {
                 "in":"body",
                 "name":"body",
                 "description":"payment details",
                 "required":true,
                 "schema":{
                    "$ref":"#/definitions/SavePaymentDetailsType"
                 }
              }
           ],
           "responses":{
              "200":{
                 "description":"operation complete",
                 "schema":{
                    "$ref":"#/definitions/StandardResponseType"
                 }
              },
              "201":{
                 "description":"Created"
              },
              "400":{
                 "description":"Invalid request",
                 "schema":{
                    "$ref":"#/definitions/StandardResponseType"
                 }
              },  
              "401":{
                 "description":"Unauthorized"
              },
              "403":{
                 "description":"Forbidden"
              },
              "404":{
                 "description":"Not Found"
              }
           }
        }
     },
     "/security/authenticate":{
        "post":{
           "tags":[
              "security"
           ],
           "summary":"Authorise an account userid, password and otp to get access token",
           "operationId":"authenticateUserUsingPOST",
           "consumes":[
              "application/json"
           ],
           "produces":[
              "application/json"
           ],
           "parameters":[
              {
                 "in":"body",
                 "name":"body",
                 "description":"userid, password and otp for authentication",
                 "required":true,
                 "schema":{
                    "$ref":"#/definitions/AuthoriseRequest"
                 }
              }
           ],
           "responses":{
              "200":{
                 "description":"operation complete",
                 "schema":{
                    "$ref":"#/definitions/AuthoriseResponse"
                 }
              },
              "201":{
                 "description":"Created"
              },
              "400":{
                 "description":"Invalid request",
                 "schema":{
                    "$ref":"#/definitions/AuthoriseResponse"
                 }
              },
              "401":{
                 "description":"Unauthorized"
              },
              "403":{
                 "description":"Forbidden"
              },
              "404":{
                 "description":"Not Found"
              }
           }
        }
     },
     "/security/validatePaymentOTP":{
        "post":{
           "tags":[
              "security"
           ],
           "summary":"Authorise an otp for amount and payee a/c for corp.user",
           "operationId":"validatePaymentOTPUsingPOST",
           "consumes":[
              "application/json"
           ],
           "produces":[
              "application/json"
           ],
           "parameters":[
              {
                 "in":"body",
                 "name":"body",
                 "description":"userid, password for authentication",
                 "required":true,
                 "schema":{
                    "$ref":"#/definitions/ValidatePaymentOTPRequest"
                 }
              }
           ],
           "responses":{
              "200":{
                 "description":"operation complete",
                 "schema":{
                    "$ref":"#/definitions/AuthoriseResponse"
                 }
              },
              "201":{
                 "description":"Created"
              },
              "400":{
                 "description":"Invalid request",
                 "schema":{
                    "$ref":"#/definitions/AuthoriseResponse"
                 }
              },
              "401":{
                 "description":"Unauthorized"
              },
              "403":{
                 "description":"Forbidden"
              },
              "404":{
                 "description":"Not Found"
              }
           }
        }
     }
  },
  "definitions":{
     "ValidatePaymentOTPRequest":{
        "type":"object",
        "required":[
           "amount",
           "otp",
           "payeeAccount",
           "userid"
        ],
        "properties":{
           "amount":{
              "type":"integer",
              "format":"int32",
              "example":100,
              "description":"The amount of the transaction - last four digits used"
           },
           "otp":{
              "type":"string"
           },
           "payeeAccount":{
              "type":"string",
              "example":"90381866",
              "description":"either 8 byte uk bank account or 34 byte iban - last four digits used in check"
           },
           "userid":{
              "type":"string"
           }
        }
     },
     "TokenUserIdResponse":{
      "type":"object",
      "required":[
         "userId"
      ],
      "properties":{
         "userId":{
            "type":"string",
            "example":"tokenUserId",
            "description":"token user id."
         }
      }
     },
     "AuthoriseResponse":{
        "type":"object",
        "required":[
           "message",
           "responseCode"
        ],
        "properties":{
           "message":{
              "type":"string",
              "example":"all ok",
              "description":"error message"
           },
           "authId":{
              "type":"string",
              "example":"12345",
              "description":"unique identifer of this authentication (for authenticate only)"
           },
           "responseCode":{
              "type":"integer",
              "format":"int32",
              "example":0,
              "description":"0 ok, 1 temp failure, 2 perm failure"
           },
           "tokenUserId":{
              "type":"string",
              "example":"m_12344343jdfghs5665",
              "description":"token userid if we have one (for authenicate only)"
           }
        }
     },
     "PaymentTypeRecurrence":{
        "type":"object",
        "required":[
           "frequency"
        ],
        "properties":{
           "endDate":{
              "type":"string",
              "description":"last date for payment - numberOfPayments takes precedence",
              "example":"YYYY-MM-DD"
           },
           "frequency":{
              "type":"string",
              "example":"MNTH",
              "description":"ISO 20022 frequency DAIL, WEEK, TOWK, MNTH, TOMN, QUTR, SEMI, YEAR"
           },
           "numberOfPayments":{
              "type":"integer",
              "format":"int32",
              "example":5,
              "description":"number of recurring payments to be made"
           },
           "startDate":{
            "type":"string",
            "description":"start date for payment",
            "example":"YYYY-MM-DD"
         }
        }
     },
     "StandardResponseType":{
        "type":"object",
        "required":[
           "message",
           "responseCode"
        ],
        "properties":{
           "message":{
              "type":"string",
              "example":"all ok if 0 or not ok if other or transaction status",
              "description":"error message"
           },
           "responseCode":{
              "type":"integer",
              "format":"int32",
              "example":0,
              "description":"response code, can be transaction status for payment"
           },
           "transactionId":{
              "type":"string",
              "example":"PSD2Payement1234550432509",
              "description":"for a payment the transaction identifier of the payement"
           }
        }
     },
     "ConsentsResponseType":{
      "type":"object",
      "required":[
         "memberId",
         "keyId",
         "signature"
      ],
      "properties":{
         "memberId":{
            "type":"string",
            "example":"m:7sd56sYUgf7hgg:jgfHYqa",
            "description":"member Id"
         },
         "keyId":{
            "type":"string",
            "example":"geytdTghFf=-",
            "description":"key Id"
         },
         "signature":{
            "type":"string",
            "example":"gfaFghHkjhGJfghbkjhjgFUYYtertg67gfdSW68",
            "description":"signature"
         }
      }
    },
     "ConfigParams":{
        "type":"object",
        "properties":{
           "redirectPageDisplayTime":{
              "type":"string"
           },
           "screenDisplayTimeout":{
              "type":"string"
           }
        }
     },
     "AccountListType":{
        "type":"object",
        "properties":{
           "account":{
              "$ref":"#/definitions/AccountListTypeAccount"
           }
        }
     },
     "AccountListTypeAccount":{
        "type":"object",
        "required":[
           "accountId"
        ],
        "properties":{
           "accountId":{
              "type":"string",
              "minLength": 8,
              "maxLength": 34
           },
           "accountName":{
              "type":"string"
           },
           "accountPermissions":{
              "$ref":"#/definitions/AccountPermissionsType"
           },
           "accountStatus":{
              "type":"string"
           },
           "currencyCode":{
              "type":"string"
           },
           "productDescription":{
              "type":"string"
           },
           "productType":{
              "type":"string"
           }
        }
     },
     "AmountType":{
        "type":"object",
        "required":[
           "amount",
           "currencyCode"
        ],
        "properties":{
           "amount":{
              "type":"integer",
              "format":"int32",
              "example":100
           },
           "currencyCode":{
              "type":"string",
              "example":"GBP"
           }
        }
     },
     "SavePaymentDetailsType":{
      "type":"object",
      "properties":{
        "tokenUserId":{
          "type":"string",
          "description": "token userid"
        },
       "tppName":{
          "type":"string",
          "description": "token TPP name"
        },
         "payee":{
            "$ref":"#/definitions/PayeeType"
         },
         "payerAccount":{
            "type":"string"
         },
         "payment":{
            "$ref":"#/definitions/PaymentType"
         },
         "ref_id":{
            "type":"string",
            "description":"from the Token payload, and key for this payment"
         },
         "initiator_id":{
            "type":"string",
            "description":"from the Token payload, and key for this payment"
         }
      }
     },
     "SaveAccountListType":{
        "type":"object",
        "required":[
           "tokenUserId",
           "tppName",
           "accountList"
        ],
        "properties":{
           "accountList":{
              "type":"array",
              "items":{
                 "$ref":"#/definitions/AccountListType"
              }
           },
           "tokenUserId":{
              "type":"string"
           },
           "tppName":{
              "type":"string"
           }
        }
     },
     "PaymentType":{
        "type":"object",
        "required":[
           "amount"
        ],
        "properties":{
           "amount":{
              "$ref":"#/definitions/AmountType"
           },
           "date":{
              "type":"string",
              "description":"This is optional if recurrence occurs and must not be in the past.",
              "example":"YYYY-MM-DD"
           },
           "reference":{
            "type":"string"
            },
           "recurrence":{
              "$ref":"#/definitions/PaymentTypeRecurrence"
           },
           "type":{
              "type":"string",
              "description":"bacs, chaps or swift",
              "minLength": 1,
              "maxLength": 1,
              "pattern": "[b,c,s]"
           }
        }
     },
     "CheckPaymentType":{
      "type":"object",
      "properties":{
         "payee":{
            "$ref":"#/definitions/PayeeType"
         },
         "payerAccount":{
            "type":"string"
         },
         "payment":{
            "$ref":"#/definitions/PaymentType"
         }
      }
   },
   "PayeeType":{
    "type":"object",
    "properties":{
       "payeeAccount":{
          "type":"string",
          "minLength": 8,
          "maxLength": 34
       },
       "payeeBankId":{
          "type":"string",
          "description": "uk sort code(6) or bic(8) bank identifier",
          "minLength": 6,
          "maxLength": 8
       },
       "payeeName":{
          "type":"string",
          "description": "the name of the payee",
          "minLength": 6,
          "maxLength": 80
       }
    }
 },
   "AccountPermissionsType":{
        "type":"object",
        "required":[
           "accountInformation",
           "receivePayment",
           "sendPayment"
        ],
        "properties":{
           "accountInformation":{
              "type":"boolean",
              "example":true
           },
           "accountTransactionInfo":{
            "type":"boolean",
            "example":true
            },
            "accountBalancesInfo":{
              "type":"boolean",
              "example":true
              },
           "previouslyUsedAccount":{
              "type":"boolean",
              "example":true
           },
           "receivePayment":{
              "type":"boolean",
              "example":true
           },
           "sendPayment":{
              "type":"boolean",
              "example":true
           }
        }
     },
     "AuthoriseRequest":{
        "type":"object",
        "required":[
           "password",
           "userid"
        ],
        "properties":{
           "otp":{
              "type":"string"
           },
           "password":{
              "type":"string"
           },
           "userid":{
              "type":"string"
           }
        }
     },
     "ConsentBodyrequest":{
      "type":"object",
      "properties":{
        "params":{
          "$ref":"#/definitions/params"  
       }
      }
   },
   "params":{
    "type":"object",
    "properties":{
      "accountResourceAccess":{
        "$ref":"#/definitions/accountResourceAccess"  
     },
     "bulkTransfer":{
      "$ref":"#/definitions/bulkTransfer"  
      },
      "requestId":{
        "type":"string"
     },
     "resourceTypeAccess":{
      "$ref":"#/definitions/resourceTypeAccess"
      },
      "standingOrder":{
        "$ref":"#/definitions/standingOrder"
        },
        "transfer":{
            "$ref":"#/definitions/transfer"
        },
        "userId":{
            "type":"string"
        }
    }
   },
   "resourceTypeAccess":{
    "type":"object",
    "required":[
    ],
    "properties":{
      "accountIdentifiers":{
        "$ref":"#/definitions/accountIdentifiers"
      }
    }
 },
  "accountResourceAccess":{
      "type":"object",
      "required":[
      ],
      "properties":{
      }
   },
 "bulkTransfer":{
      "type":"object",
      "required":[
    "accountIdentifier"
      ],
      "properties":{
         "accountIdentifier":{
            "type":"string",
            "example":"ACC6577785",
            "description":"Account Identifier or Account Number"
         },
         "effectiveAtMs":{
            "type":"string"
         },
         "endorseUntilMs":{
            "type":"string"
         },
         "expiresAtMs":{
            "type":"string"
         }
      }
   },
  "accountIdentifiers":{
      "type":"array",
      "items":{
        "type": "string"
      }
   },
 "standingOrder":{
      "type":"object",
      "required":[
    "accountIdentifier"
      ],
      "properties":{
         "accountIdentifier":{
            "type":"string",
            "example":"ACC6577785",
            "description":"Account Identifier or Account Number"
         },
         "effectiveAtMs":{
            "type":"string"
         },
         "endorseUntilMs":{
            "type":"string"
         },
         "expiresAtMs":{
            "type":"string"
         }
      }
   },
 "transfer":{
      "type":"object",
      "required":[
    "accountIdentifier"
      ],
      "properties":{
         "accountIdentifier":{
            "type":"string",
            "example":"ACC6577785",
            "description":"Account Identifier or Account Number"
         },
         "effectiveAtMs":{
            "type":"string"
         },
         "endorseUntilMs":{
            "type":"string"
         },
         "expiresAtMs":{
            "type":"string"
         }
      }
   }
  }
}