<?xml version="1.0" encoding="UTF-8"?>
<root>
   <edge>
      <element>
         <id>e01</id>
		 <sourceNodeId>n02t04</sourceNodeId>
         <targetNodeId>n01t03</targetNodeId>
		 <edgeType>DIRECT</edgeType>
         <resourceId>resource1</resourceId>
      </element>
   </edge>
   <layer>
      <element>
         <id>sterling</id>
         <layerName>Physical</layerName>
         <layerType>Physical</layerType>
      </element>
   </layer>
   <node>
      <element>
         <id>n01</id>
		 <parentId />
         <nodeName>c:</nodeName>
         <nodeType>Directory</nodeType>
         <resourceId>resource2</resourceId>
      </element>
      <element>
         <id>n01t01</id>
		 <parentId>n01</parentId>
         <nodeName>OneTrust_Landing</nodeName>
         <nodeType>Directory</nodeType>
         <resourceId>resource2</resourceId>
      </element>
      <element>
         <id>n01t02</id>
		 <parentId>n01t01</parentId>
         <nodeName>OneTrust_Import.csv</nodeName>
         <nodeType>File</nodeType>
         <resourceId>resource2</resourceId>
      </element>
      <element>
         <id>n01t03</id>
		 <parentId>n01t02</parentId>
         <nodeName>Account_Number</nodeName>
         <nodeType>Column</nodeType>
         <resourceId>resource2</resourceId>
      </element>
      <element>
         <id>n02</id>
		 <parentId />
         <nodeName>SOURCE-SERVER</nodeName>
         <nodeType>Server</nodeType>
         <resourceId>resource1</resourceId>
      </element>
      <element>
         <id>n02t01</id>
		 <parentId>n02</parentId>
         <nodeName>SOURCEDB</nodeName>
         <nodeType>Database</nodeType>
         <resourceId>resource1</resourceId>
      </element>
      <element>
         <id>n02t02</id>
		 <parentId>n02t01</parentId>
         <nodeName>dbo</nodeName>
         <nodeType>Schema</nodeType>
         <resourceId>resource1</resourceId>
      </element>
      <element>
         <id>n02t03</id>
		 <parentId>n02t02</parentId>
         <nodeName>cutomer_tbl</nodeName>
         <nodeType>Table</nodeType>
         <resourceId>resource1</resourceId>
      </element>
      <element>
         <id>n02t04</id>
		 <parentId>n02t03</parentId>
         <nodeName>account_number</nodeName>
         <nodeType>Column</nodeType>
         <resourceId>resource1</resourceId>
      </element>
   </node>
   <nodeAttribute>
      <element>
		 <nodeId>n01</nodeId>
         <attributeName>nodeName</attributeName>
         <attributeValue>nodeType</attributeValue>
      </element>
   </nodeAttribute>
   <edgeAttribute>
      <element>
		 <edgeId>e01</edgeId>
         <attributeName>targetNodeId</attributeName>
         <attributeValue>edgeType</attributeValue>
      </element>
   </edgeAttribute>
   <resource>
      <element>
         <id>resource1</id>
		 <resourceName>OneTrust-MSSQL-Source</resourceName>
         <resourceType>OneTrust-MSSQL-Source</resourceType>
		 <resourceDescription>OneTrust-MSSQL-Source</resourceDescription>
         <layerId>sterling</layerId>
      </element>
      <element>
         <id>resource2</id>
		 <resourceName>OneTrust-Flatfile-Target</resourceName>
         <resourceType>OneTrust-Flatfile-Target</resourceType>
         <resourceDescription>OneTrust-Flatfile-Target</resourceDescription>
		 <layerId>sterling</layerId>
      </element>
   </resource>
</root>